model,trial,max_depth,learning_rate,min_child_weight,subsample,colsample_bytree,reg_lambda,gamma,cv_auc,cv_log_loss,num_leaves,min_child_samples
xgboost,4,3.0,0.03,5.0,0.7,1.0,5.0,0.5,0.678995036215885,0.5337414155177543,,
xgboost,5,4.0,0.03,50.0,0.7,0.8,20.0,2.0,0.6785779407645469,0.5340212867627886,,
xgboost,9,5.0,0.03,100.0,0.85,0.6,20.0,2.0,0.6780854890018652,0.534314388049139,,
xgboost,2,3.0,0.05,5.0,1.0,0.6,1.0,0.5,0.6772638432474968,0.5344244296212787,,
xgboost,3,4.0,0.05,100.0,1.0,0.8,20.0,0.5,0.6769500873386267,0.5347694646019722,,
xgboost,1,3.0,0.08,50.0,0.85,0.8,5.0,0.5,0.6760449396833629,0.5352072278253169,,
xgboost,6,4.0,0.08,5.0,0.7,0.8,1.0,0.0,0.6717704918900633,0.5376663566438816,,
xgboost,8,6.0,0.08,50.0,0.7,1.0,1.0,2.0,0.6670728786307584,0.5406436941393702,,
xgboost,7,6.0,0.08,20.0,0.7,0.8,1.0,0.0,0.6628030837736841,0.5431368778249714,,
xgboost,0,6.0,0.08,5.0,1.0,1.0,1.0,0.0,0.6605221142947212,0.5453049834904293,,
lightgbm,8,,0.03,,0.7,1.0,20.0,,0.6895928416727751,0.5297817311232736,7.0,100.0
lightgbm,1,,0.03,,1.0,0.6,5.0,,0.6891543158154652,0.5300507862612346,15.0,400.0
lightgbm,5,,0.03,,0.85,0.8,5.0,,0.6884582461943238,0.5303493446838542,15.0,100.0
lightgbm,4,,0.03,,0.7,0.8,20.0,,0.6879432134648233,0.5306397384766348,15.0,200.0
lightgbm,0,,0.08,,0.7,0.8,5.0,,0.6869267000078985,0.5311594650161657,7.0,100.0
lightgbm,2,,0.08,,0.85,0.6,20.0,,0.6846669587820955,0.5324625502820809,15.0,100.0
lightgbm,3,,0.08,,0.7,1.0,1.0,,0.6802951247197321,0.5353404494876925,15.0,50.0
lightgbm,9,,0.05,,0.7,1.0,5.0,,0.6790728324184446,0.5359951384335225,31.0,100.0
lightgbm,7,,0.08,,0.85,1.0,20.0,,0.6753808165294162,0.5386650835066592,31.0,100.0
lightgbm,6,,0.08,,1.0,0.8,1.0,,0.6636980535448894,0.5499347672397428,63.0,100.0
